Date,Kurs_USD,Kurs_EUR,Kurs_CHF,SMA_30_USD,Zwrot_USD,Zmiennosc_USD,VaR_95%_USD,SMA_30_EUR,Zwrot_EUR,Zmiennosc_EUR,VaR_95%_EUR,SMA_30_CHF,Zwrot_CHF,Zmiennosc_CHF,VaR_95%_CHF
2024-05-06,4.0132,4.3173,4.4322,4.0079,-0.005,0.1025,-0.0085,4.3043,-0.0025,0.0671,-0.0057,4.4109,-0.0009,0.0896,-0.0087
2024-05-07,3.998,4.3047,4.4092,4.0089,-0.0038,0.1012,-0.0085,4.3043,-0.0029,0.0667,-0.0057,4.4107,-0.0052,0.0876,-0.008
2024-05-08,4.0101,4.311,4.4137,4.01,0.003,0.1014,-0.0085,4.3045,0.0014,0.0668,-0.0057,4.4111,0.001,0.087,-0.008
2024-05-09,4.0006,4.2993,4.4056,4.0105,-0.0024,0.1014,-0.0085,4.304,-0.0027,0.0671,-0.0057,4.4112,-0.0018,0.0871,-0.008
2024-05-10,3.9715,4.2819,4.3866,4.0099,-0.0073,0.1037,-0.0085,4.3034,-0.004,0.0679,-0.0057,4.41,-0.0043,0.087,-0.008
2024-05-13,3.9923,4.2998,4.4038,4.0103,0.0052,0.1048,-0.0085,4.3034,0.0042,0.0689,-0.0057,4.4096,0.0039,0.0877,-0.008
2024-05-14,3.9686,4.2839,4.3712,4.0093,-0.0059,0.1057,-0.0085,4.3032,-0.0037,0.0696,-0.0057,4.4081,-0.0075,0.0902,-0.0083
2024-05-15,3.945,4.2663,4.3502,4.008,-0.006,0.1068,-0.0085,4.3024,-0.0041,0.0706,-0.0057,4.4068,-0.0048,0.0893,-0.0083
2024-05-16,3.913,4.2598,4.3447,4.0065,-0.0081,0.1079,-0.0085,4.3013,-0.0015,0.0707,-0.0057,4.4055,-0.0013,0.0893,-0.0083
2024-05-17,3.9183,4.2582,4.3242,4.0051,0.0013,0.108,-0.0085,4.3003,-0.0004,0.0707,-0.0057,4.4033,-0.0047,0.0901,-0.0083
2024-05-20,3.9149,4.2559,4.3085,4.0039,-0.0009,0.108,-0.0085,4.2995,-0.0005,0.0703,-0.0057,4.401,-0.0036,0.0902,-0.0083
2024-05-21,3.9126,4.2492,4.3015,4.0036,-0.0006,0.1054,-0.0085,4.2992,-0.0016,0.0692,-0.0057,4.4,-0.0016,0.0856,-0.0072
2024-05-22,3.9159,4.2506,4.2971,4.0032,0.0008,0.1053,-0.0085,4.2987,0.0003,0.0691,-0.0057,4.3983,-0.001,0.0846,-0.0072
2024-05-23,3.9378,4.2627,4.3052,4.0022,0.0056,0.1023,-0.0085,4.2988,0.0028,0.0695,-0.0057,4.3968,0.0019,0.0849,-0.0072
2024-05-24,3.9407,4.2617,4.3116,4.0011,0.0007,0.1023,-0.0085,4.2988,-0.0002,0.0695,-0.0057,4.395,0.0015,0.084,-0.0072
2024-05-27,3.9211,4.2534,4.2877,3.9978,-0.005,0.0965,-0.0085,4.2979,-0.0019,0.0685,-0.0057,4.3912,-0.0056,0.0816,-0.0072
2024-05-28,3.9214,4.2592,4.2934,3.9936,0.0001,0.0938,-0.0085,4.2965,0.0014,0.067,-0.0057,4.3863,0.0013,0.076,-0.0072
2024-05-29,3.9175,4.2479,4.2933,3.9872,-0.001,0.0796,-0.0085,4.2925,-0.0027,0.0489,-0.0057,4.3793,-0.0,0.0613,-0.0072
2024-05-30,3.9613,4.2796,4.3385,3.9837,0.0111,0.0825,-0.0078,4.2906,0.0074,0.0515,-0.0043,4.3751,0.0105,0.0666,-0.0066
2024-05-31,3.95,4.2785,4.3721,3.9795,-0.0028,0.0821,-0.0078,4.2887,-0.0003,0.0515,-0.0043,4.372,0.0077,0.0711,-0.0066
2024-06-03,3.9353,4.2709,4.3682,3.9761,-0.0037,0.0792,-0.0072,4.2876,-0.0018,0.0472,-0.0041,4.3698,-0.0009,0.0687,-0.0059
2024-06-04,3.9139,4.2693,4.3749,3.9716,-0.0055,0.0797,-0.0072,4.2861,-0.0004,0.0468,-0.0041,4.3676,0.0015,0.0687,-0.0059
2024-06-05,3.9571,4.3059,4.4456,3.9694,0.011,0.0855,-0.0072,4.2862,0.0085,0.0531,-0.0041,4.3687,0.016,0.0816,-0.0056
2024-06-06,3.9422,4.2868,4.418,3.9659,-0.0038,0.0835,-0.0072,4.2847,-0.0044,0.0514,-0.0043,4.3683,-0.0062,0.0831,-0.0059
2024-06-07,3.9315,4.2818,4.4181,3.963,-0.0027,0.0816,-0.0069,4.2837,-0.0012,0.05,-0.0041,4.3687,0.0,0.0815,-0.0059
2024-06-10,3.9943,4.3053,4.4578,3.9617,0.0159,0.0941,-0.0069,4.2832,0.0055,0.0524,-0.0041,4.3702,0.009,0.0853,-0.0059
2024-06-11,4.0155,4.3241,4.4804,3.9613,0.0053,0.0953,-0.0069,4.2836,0.0044,0.0538,-0.0041,4.3722,0.0051,0.0863,-0.0059
2024-06-12,4.0396,4.3385,4.4991,3.9607,0.006,0.0936,-0.0069,4.2839,0.0033,0.0534,-0.0041,4.3751,0.0042,0.0868,-0.0059
2024-06-13,4.0057,4.3313,4.4788,3.9597,-0.0084,0.0949,-0.0078,4.2841,-0.0017,0.0535,-0.0041,4.3776,-0.0045,0.0876,-0.0059
2024-06-14,4.0454,4.3465,4.527,3.9601,0.0099,0.0993,-0.0078,4.2847,0.0035,0.0545,-0.0041,4.3806,0.0107,0.0902,-0.0059
2024-06-17,4.0906,4.3775,4.5917,3.9627,0.0111,0.103,-0.0078,4.2867,0.0071,0.0575,-0.0041,4.3859,0.0142,0.0982,-0.0059
2024-06-18,4.0432,4.3426,4.5535,3.9642,-0.0116,0.1083,-0.0083,4.288,-0.008,0.0618,-0.0043,4.3907,-0.0084,0.1004,-0.0069
2024-06-19,4.0377,4.3343,4.5639,3.9652,-0.0014,0.1081,-0.0083,4.2888,-0.0019,0.062,-0.0043,4.3957,0.0023,0.1004,-0.0069
2024-06-20,4.0211,4.3211,4.5489,3.9658,-0.0041,0.1086,-0.0083,4.2895,-0.0031,0.0622,-0.0043,4.4005,-0.0033,0.1009,-0.0069
2024-06-21,4.0373,4.3257,4.5319,3.968,0.004,0.1067,-0.0083,4.2909,0.0011,0.0609,-0.0043,4.4054,-0.0038,0.1006,-0.0069
2024-06-24,4.0474,4.3256,4.5249,3.9699,0.0025,0.106,-0.0083,4.2918,-0.0,0.0598,-0.0043,4.4094,-0.0015,0.1005,-0.0069
2024-06-25,3.9965,4.2901,4.4725,3.9708,-0.0126,0.1111,-0.0102,4.292,-0.0082,0.0637,-0.0064,4.4128,-0.0117,0.1042,-0.0074
2024-06-26,4.0113,4.2977,4.482,3.973,0.0037,0.11,-0.0102,4.2931,0.0018,0.0626,-0.0064,4.4172,0.0021,0.1029,-0.0074
2024-06-27,4.0377,4.3118,4.5006,3.9772,0.0066,0.1081,-0.0102,4.2948,0.0033,0.063,-0.0064,4.4224,0.0041,0.1031,-0.0074
2024-06-28,4.0229,4.3078,4.4798,3.9806,-0.0037,0.109,-0.0102,4.2964,-0.0009,0.0631,-0.0064,4.4276,-0.0046,0.1031,-0.0074
2024-07-01,4.0167,4.3121,4.4642,3.984,-0.0015,0.1091,-0.0102,4.2983,0.001,0.0631,-0.0064,4.4327,-0.0035,0.103,-0.0074
2024-07-02,4.0193,4.3154,4.4496,3.9876,0.0007,0.109,-0.0102,4.3005,0.0008,0.0628,-0.0064,4.4377,-0.0033,0.1035,-0.0074
2024-07-03,4.0089,4.3088,4.4356,3.9907,-0.0026,0.1095,-0.0102,4.3025,-0.0015,0.063,-0.0064,4.4423,-0.0031,0.1041,-0.0074
2024-07-04,3.9841,4.2961,4.4208,3.9922,-0.0062,0.1103,-0.0102,4.3036,-0.0029,0.0634,-0.0064,4.4462,-0.0034,0.1048,-0.0074
2024-07-05,3.9579,4.2788,4.3987,3.9928,-0.0066,0.1121,-0.0102,4.3041,-0.004,0.0646,-0.0064,4.4491,-0.005,0.1062,-0.0074
2024-07-08,3.9565,4.2832,4.4223,3.994,-0.0004,0.1111,-0.0102,4.3051,0.001,0.0643,-0.0064,4.4535,0.0053,0.1053,-0.0074
2024-07-09,3.9402,4.2673,4.3883,3.9946,-0.0041,0.1118,-0.0102,4.3054,-0.0037,0.0652,-0.0064,4.4567,-0.0077,0.1083,-0.0081
2024-07-10,3.9348,4.2552,4.3836,3.9952,-0.0014,0.1119,-0.0102,4.3057,-0.0028,0.0653,-0.0064,4.4597,-0.0011,0.1084,-0.0081
2024-07-11,3.9327,4.2574,4.3728,3.9942,-0.0005,0.1069,-0.0102,4.3049,0.0005,0.0615,-0.0064,4.4609,-0.0025,0.1047,-0.0081
2024-07-12,3.9176,4.2595,4.3717,3.9932,-0.0038,0.1072,-0.0102,4.3043,0.0005,0.0615,-0.0064,4.4608,-0.0003,0.1023,-0.0081
2024-07-15,3.9071,4.253,4.3558,3.9922,-0.0027,0.1069,-0.0102,4.3037,-0.0015,0.0614,-0.0064,4.4604,-0.0036,0.1028,-0.0081
2024-07-16,3.9045,4.2528,4.3598,3.9919,-0.0007,0.1058,-0.0102,4.3031,-0.0,0.0614,-0.0064,4.4599,0.0009,0.1027,-0.0081
2024-07-17,3.9264,4.2803,4.3943,3.9909,0.0056,0.102,-0.0102,4.3023,0.0065,0.0591,-0.0064,4.4582,0.0079,0.0939,-0.0081
2024-07-18,3.9192,4.2875,4.4436,3.9901,-0.0018,0.1015,-0.0102,4.3023,0.0017,0.058,-0.0062,4.4591,0.0112,0.098,-0.0081
2024-07-19,3.9351,4.2898,4.4339,3.9902,0.004,0.102,-0.0102,4.3026,0.0005,0.0579,-0.0062,4.4596,-0.0022,0.0982,-0.0081
2024-07-22,3.9336,4.2872,4.4291,3.9882,-0.0004,0.0903,-0.0102,4.302,-0.0006,0.0556,-0.0062,4.4586,-0.0011,0.0946,-0.0081
2024-07-23,3.9257,4.2749,4.4154,3.9852,-0.002,0.0887,-0.0102,4.3003,-0.0029,0.0544,-0.0062,4.4565,-0.0031,0.0936,-0.0081
2024-07-24,3.9414,4.2761,4.4207,3.982,0.004,0.0875,-0.0102,4.2983,0.0003,0.0533,-0.0062,4.4539,0.0012,0.0927,-0.0081
2024-07-25,3.9627,4.2952,4.477,3.9805,0.0054,0.0863,-0.0094,4.297,0.0044,0.0551,-0.0062,4.4538,0.0127,0.0995,-0.0081
2024-07-26,3.9463,4.2841,4.4824,3.9772,-0.0042,0.0813,-0.0094,4.295,-0.0026,0.0543,-0.0062,4.4523,0.0012,0.0943,-0.0081
2024-07-29,3.9341,4.2698,4.4478,3.972,-0.0031,0.0732,-0.0094,4.2914,-0.0033,0.0498,-0.0062,4.4475,-0.0077,0.086,-0.0081
2024-07-30,3.968,4.2931,4.4776,3.9695,0.0086,0.0718,-0.0064,4.2897,0.0054,0.0482,-0.0039,4.445,0.0067,0.086,-0.0077
2024-07-31,3.9626,4.2865,4.4964,3.967,-0.0014,0.0718,-0.0064,4.2881,-0.0015,0.0481,-0.0039,4.4427,0.0042,0.0867,-0.0077
2024-08-01,3.9616,4.2883,4.5112,3.965,-0.0002,0.071,-0.0064,4.287,0.0004,0.0475,-0.0039,4.4415,0.0033,0.0869,-0.0077
2024-08-02,3.9866,4.3001,4.5662,3.9633,0.0063,0.0726,-0.0064,4.2862,0.0028,0.0481,-0.0039,4.4426,0.0121,0.0933,-0.0077
2024-08-05,3.9317,4.2895,4.5919,3.9595,-0.0139,0.0817,-0.0099,4.285,-0.0025,0.0486,-0.0039,4.4449,0.0056,0.0944,-0.0077
2024-08-06,3.9252,4.2984,4.5917,3.9571,-0.0017,0.0739,-0.0064,4.2853,0.0021,0.0427,-0.0036,4.4488,-0.0001,0.0872,-0.0065
2024-08-07,3.9423,4.3073,4.6253,3.9548,0.0044,0.0743,-0.0064,4.2856,0.0021,0.0429,-0.0036,4.4536,0.0073,0.0891,-0.0065
2024-08-08,3.9555,4.3218,4.6029,3.952,0.0033,0.0722,-0.0064,4.2859,0.0034,0.0429,-0.0036,4.457,-0.0049,0.0902,-0.0065
2024-08-09,3.9572,4.3191,4.5642,3.9499,0.0004,0.0717,-0.0064,4.2863,-0.0006,0.0429,-0.0036,4.4598,-0.0084,0.0928,-0.0077
2024-08-12,3.9547,4.3159,4.5693,3.9478,-0.0006,0.0716,-0.0064,4.2864,-0.0007,0.0428,-0.0036,4.4633,0.0011,0.092,-0.0077
2024-08-13,3.9342,4.3024,4.5516,3.945,-0.0052,0.0728,-0.0064,4.286,-0.0031,0.0437,-0.0036,4.4667,-0.0039,0.0922,-0.0077
2024-08-14,3.8963,4.2845,4.5049,3.9412,-0.0097,0.0771,-0.0083,4.2852,-0.0042,0.0451,-0.0039,4.469,-0.0103,0.0971,-0.0081
2024-08-15,3.8954,4.2896,4.5031,3.9382,-0.0002,0.0755,-0.0083,4.285,0.0012,0.0445,-0.0039,4.4718,-0.0004,0.0964,-0.0081
2024-08-16,3.9046,4.2868,4.4772,3.9365,0.0024,0.074,-0.0077,4.2852,-0.0007,0.0429,-0.0036,4.4744,-0.0058,0.0969,-0.0081
2024-08-19,3.8674,4.2638,4.4573,3.9335,-0.0096,0.0785,-0.0096,4.2846,-0.0054,0.0456,-0.004,4.4756,-0.0045,0.0968,-0.0081
2024-08-20,3.8444,4.2614,4.4588,3.9303,-0.006,0.0794,-0.0096,4.2844,-0.0006,0.0444,-0.0038,4.4779,0.0003,0.0939,-0.0081
2024-08-21,3.8403,4.2738,4.4981,3.9272,-0.0011,0.0794,-0.0096,4.285,0.0029,0.0444,-0.0038,4.4817,0.0088,0.0967,-0.0081
2024-08-22,3.8344,4.2773,4.5047,3.9239,-0.0015,0.0794,-0.0096,4.2857,0.0008,0.0444,-0.0038,4.4861,0.0015,0.0962,-0.0081
2024-08-23,3.85,4.2799,4.5197,3.9216,0.0041,0.0801,-0.0096,4.2863,0.0006,0.0444,-0.0038,4.4911,0.0033,0.0963,-0.0081
2024-08-26,3.8126,4.2648,4.4986,3.9185,-0.0098,0.0842,-0.0097,4.2867,-0.0035,0.0454,-0.0039,4.4958,-0.0047,0.0968,-0.0081
2024-08-27,3.8339,4.2804,4.5255,3.9161,0.0056,0.0862,-0.0097,4.2877,0.0036,0.0466,-0.0039,4.5013,0.006,0.0979,-0.0081
2024-08-28,3.83,4.281,4.5501,3.9129,-0.001,0.0842,-0.0097,4.2877,0.0001,0.0427,-0.0039,4.5065,0.0054,0.0967,-0.0081
2024-08-29,3.8598,4.2935,4.587,3.9109,0.0077,0.0877,-0.0097,4.2879,0.0029,0.0432,-0.0039,4.5113,0.0081,0.0943,-0.0081
2024-08-30,3.8654,4.2829,4.5635,3.9086,0.0014,0.0869,-0.0097,4.2876,-0.0025,0.0438,-0.0039,4.5156,-0.0051,0.0955,-0.0081
2024-09-02,3.8815,4.2869,4.5623,3.9069,0.0042,0.088,-0.0097,4.2876,0.0009,0.0439,-0.0039,4.5201,-0.0003,0.0954,-0.0081
2024-09-03,3.8568,4.2683,4.5295,3.9046,-0.0064,0.0895,-0.0097,4.2874,-0.0043,0.0449,-0.0043,4.5239,-0.0072,0.0977,-0.0081
2024-09-04,3.8724,4.2783,4.5551,3.9023,0.004,0.0895,-0.0097,4.2875,0.0023,0.0454,-0.0043,4.5284,0.0056,0.0986,-0.0081
2024-09-05,3.8563,4.2728,4.5574,3.8987,-0.0042,0.0883,-0.0097,4.2867,-0.0013,0.0436,-0.0043,4.531,0.0005,0.0922,-0.0081
2024-09-06,3.853,4.2809,4.5657,3.8956,-0.0008,0.0877,-0.0097,4.2866,0.0019,0.0434,-0.0043,4.5338,0.0018,0.0923,-0.0081
2024-09-09,3.8593,4.2788,4.5727,3.8931,0.0016,0.0877,-0.0097,4.2869,-0.0005,0.0423,-0.0043,4.538,0.0015,0.0888,-0.0079
2024-09-10,3.8705,4.2717,4.5591,3.8899,0.0029,0.084,-0.0097,4.2862,-0.0017,0.0393,-0.0043,4.5407,-0.003,0.0878,-0.0079
2024-09-11,3.8817,4.2778,4.5845,3.8872,0.0029,0.0847,-0.0097,4.2859,0.0014,0.0394,-0.0043,4.5436,0.0056,0.0884,-0.0079
2024-09-12,3.8917,4.2847,4.5662,3.8848,0.0026,0.0852,-0.0097,4.2858,0.0016,0.0396,-0.0043,4.5455,-0.004,0.089,-0.0079
2024-09-13,3.8664,4.2832,4.5491,3.8808,-0.0065,0.0843,-0.0097,4.2853,-0.0003,0.0388,-0.0043,4.5449,-0.0038,0.0825,-0.0079
2024-09-16,3.8591,4.2788,4.5502,3.8784,-0.0019,0.0751,-0.0096,4.2849,-0.001,0.0382,-0.0043,4.5435,0.0003,0.0807,-0.0079
2024-09-17,3.8405,4.274,4.5465,3.8756,-0.0048,0.076,-0.0096,4.2841,-0.0011,0.0378,-0.0043,4.542,-0.0008,0.0807,-0.0079
2024-09-18,3.8385,4.2708,4.5365,3.8721,-0.0005,0.0745,-0.0096,4.2829,-0.0008,0.0372,-0.0043,4.539,-0.0022,0.0775,-0.0079
2024-09-19,3.8405,4.2678,4.5315,3.8683,0.0005,0.0735,-0.0096,4.2811,-0.0007,0.0356,-0.0043,4.5367,-0.0011,0.0765,-0.0079
2024-09-20,3.8266,4.2726,4.5156,3.8639,-0.0036,0.0738,-0.0096,4.2795,0.0011,0.0358,-0.0043,4.535,-0.0035,0.0734,-0.0066
2024-09-23,3.8243,4.268,4.4943,3.8596,-0.0006,0.0738,-0.0096,4.2779,-0.0011,0.0359,-0.0043,4.5325,-0.0047,0.0743,-0.0066
2024-09-24,3.8399,4.2689,4.5338,3.8565,0.0041,0.0742,-0.0096,4.2768,0.0002,0.0349,-0.0043,4.532,0.0087,0.0783,-0.0066
2024-09-25,3.7981,4.2504,4.5159,3.8532,-0.011,0.0756,-0.0097,4.2757,-0.0044,0.0351,-0.0043,4.5323,-0.004,0.0731,-0.0055
2024-09-26,3.8342,4.2679,4.507,3.8511,0.0095,0.0813,-0.0097,4.2749,0.0041,0.0371,-0.0043,4.5324,-0.002,0.0733,-0.0055
2024-09-27,3.8221,4.272,4.5157,3.8484,-0.0032,0.0812,-0.0097,4.2744,0.001,0.0372,-0.0043,4.5337,0.0019,0.0714,-0.0049
2024-09-30,3.8237,4.2713,4.5477,3.8469,0.0004,0.0768,-0.0083,4.2747,-0.0002,0.0337,-0.004,4.5367,0.0071,0.0725,-0.0049
2024-10-01,3.8427,4.2789,4.5477,3.8469,0.0049,0.0764,-0.0083,4.2753,0.0018,0.034,-0.004,4.5397,-0.0,0.0726,-0.0049
2024-10-02,3.8745,4.2867,4.5774,3.848,0.0083,0.08,-0.0083,4.2757,0.0018,0.0334,-0.004,4.5424,0.0065,0.0706,-0.0049
2024-10-03,3.8832,4.2896,4.5717,3.8496,0.0022,0.0799,-0.0083,4.2761,0.0007,0.0334,-0.004,4.5446,-0.0012,0.0708,-0.0049
2024-10-04,3.9033,4.3075,4.5821,3.8514,0.0052,0.0804,-0.0083,4.277,0.0042,0.0354,-0.004,4.5467,0.0023,0.0705,-0.0049
2024-10-07,3.9332,4.3148,4.5797,3.8554,0.0076,0.077,-0.0064,4.2787,0.0017,0.0338,-0.0035,4.5494,-0.0005,0.0689,-0.0049
2024-10-08,3.9378,4.3215,4.6073,3.8589,0.0012,0.0758,-0.0064,4.2801,0.0015,0.0326,-0.0035,4.5521,0.006,0.0689,-0.0049
2024-10-09,3.9162,4.3002,4.5692,3.8618,-0.0055,0.0778,-0.0064,4.2807,-0.0049,0.0359,-0.0043,4.5527,-0.0083,0.072,-0.0063
2024-10-10,3.9259,4.2947,4.5617,3.864,0.0025,0.0752,-0.0064,4.2808,-0.0013,0.0352,-0.0043,4.5519,-0.0016,0.0681,-0.0063
2024-10-11,3.9334,4.3006,4.592,3.8662,0.0019,0.0752,-0.0064,4.2813,0.0014,0.0346,-0.0043,4.5528,0.0066,0.0692,-0.0061
2024-10-14,3.9273,4.2898,4.5778,3.8678,-0.0016,0.0747,-0.0064,4.2814,-0.0025,0.0353,-0.0043,4.5534,-0.0031,0.0698,-0.0061
2024-10-15,3.9334,4.291,4.5612,3.8703,0.0016,0.0719,-0.0061,4.2822,0.0003,0.0328,-0.0035,4.5544,-0.0036,0.0673,-0.0044
2024-10-16,3.9431,4.2916,4.5714,3.8727,0.0024,0.0714,-0.0061,4.2826,0.0001,0.0322,-0.0035,4.555,0.0022,0.0656,-0.0044
2024-10-17,3.9549,4.2945,4.572,3.876,0.003,0.0703,-0.0061,4.2834,0.0007,0.0319,-0.0035,4.5554,0.0001,0.0656,-0.0044
2024-10-18,3.9768,4.3066,4.5913,3.8801,0.0055,0.0714,-0.0061,4.2842,0.0028,0.0324,-0.0035,4.5563,0.0042,0.0665,-0.0044
2024-10-21,3.9598,4.3036,4.5777,3.8834,-0.0043,0.073,-0.0061,4.285,-0.0007,0.0325,-0.0035,4.5565,-0.003,0.067,-0.0044
2024-10-22,3.9927,4.3183,4.6127,3.8875,0.0083,0.0759,-0.0061,4.2866,0.0034,0.0333,-0.0035,4.5583,0.0076,0.0699,-0.0044
2024-10-23,4.003,4.3219,4.6245,3.8916,0.0026,0.0759,-0.0061,4.2881,0.0008,0.0332,-0.0035,4.5596,0.0025,0.0685,-0.0044
2024-10-24,4.0297,4.344,4.6489,3.8962,0.0066,0.0775,-0.0061,4.2901,0.0051,0.0358,-0.0035,4.5623,0.0053,0.0687,-0.0044
2024-10-25,4.0132,4.3436,4.6341,3.901,-0.0041,0.0757,-0.0052,4.2921,-0.0001,0.0357,-0.0035,4.5652,-0.0032,0.0684,-0.0044
2024-10-28,4.0225,4.3427,4.6312,3.9065,0.0023,0.0752,-0.0052,4.2942,-0.0002,0.0355,-0.0035,4.5679,-0.0006,0.0685,-0.0044
2024-10-29,4.0198,4.3476,4.6466,3.9125,-0.0007,0.0731,-0.005,4.2966,0.0011,0.0352,-0.0035,4.5712,0.0033,0.0688,-0.0044
2024-10-30,4.0091,4.3379,4.6224,3.9182,-0.0027,0.0739,-0.005,4.2989,-0.0022,0.0359,-0.0035,4.5741,-0.0052,0.0704,-0.005
2024-10-31,4.0076,4.3526,4.626,3.9237,-0.0004,0.074,-0.005,4.3017,0.0034,0.0367,-0.0035,4.5772,0.0008,0.0702,-0.005
2024-11-01,3.9979,4.3511,4.6295,3.9294,-0.0024,0.0734,-0.005,4.3043,-0.0003,0.0368,-0.0035,4.581,0.0007,0.0691,-0.005
2024-11-04,4.0032,4.3531,4.6137,3.9354,0.0013,0.0732,-0.005,4.3072,0.0005,0.0364,-0.0035,4.585,-0.0034,0.0683,-0.0047
2024-11-05,4.0044,4.3543,4.6334,3.9409,0.0003,0.0728,-0.005,4.31,0.0003,0.0364,-0.0035,4.5883,0.0043,0.0649,-0.0047
2024-11-06,3.9795,4.3512,4.6138,3.9469,-0.0062,0.0669,-0.005,4.3134,-0.0007,0.0335,-0.0024,4.5916,-0.0042,0.0651,-0.0048
2024-11-07,4.0509,4.3472,4.624,3.9542,0.0178,0.0788,-0.005,4.316,-0.0009,0.0323,-0.0024,4.5955,0.0022,0.0647,-0.0048
2024-11-08,3.9933,4.3106,4.575,3.9599,-0.0143,0.0906,-0.0059,4.3173,-0.0085,0.0416,-0.0038,4.5975,-0.0107,0.0727,-0.0069
2024-11-11,4.0326,4.3207,4.6029,3.9668,0.0098,0.0937,-0.0059,4.319,0.0023,0.042,-0.0038,4.5993,0.0061,0.072,-0.0069
2024-11-12,4.0874,4.3599,4.645,3.975,0.0135,0.0994,-0.0059,4.3217,0.009,0.0488,-0.0038,4.6025,0.0091,0.0762,-0.0069
2024-11-13,4.0972,4.3497,4.6439,3.9824,0.0024,0.0976,-0.0059,4.3238,-0.0023,0.0494,-0.0038,4.6048,-0.0002,0.0743,-0.0069
2024-11-14,4.1071,4.3386,4.6363,3.9899,0.0024,0.0976,-0.0059,4.3254,-0.0026,0.0502,-0.0039,4.6069,-0.0016,0.0743,-0.0069
2024-11-15,4.1029,4.321,4.6088,3.9965,-0.001,0.0975,-0.0059,4.3258,-0.0041,0.0504,-0.0045,4.6078,-0.006,0.0764,-0.0073
2024-11-18,4.1027,4.3214,4.616,4.0022,-0.0001,0.0959,-0.0059,4.3261,0.0001,0.0502,-0.0045,4.609,0.0015,0.0765,-0.0073
2024-11-19,4.0712,4.3133,4.6092,4.0066,-0.0077,0.0995,-0.0071,4.3258,-0.0019,0.0503,-0.0045,4.6091,-0.0015,0.0746,-0.0073
2024-11-20,4.0819,4.3297,4.629,4.0121,0.0026,0.0976,-0.0071,4.3268,0.0038,0.0493,-0.0034,4.6111,0.0043,0.0713,-0.0056
2024-11-21,4.1083,4.3343,4.6506,4.0182,0.0065,0.0986,-0.0071,4.3281,0.0011,0.0492,-0.0034,4.614,0.0047,0.072,-0.0056
2024-11-22,4.1476,4.3422,4.676,4.0254,0.0095,0.1013,-0.0071,4.3295,0.0018,0.0493,-0.0034,4.6168,0.0054,0.0712,-0.0056
2024-11-25,4.1373,4.3357,4.6458,4.0324,-0.0025,0.1016,-0.0071,4.331,-0.0015,0.0489,-0.0034,4.6191,-0.0065,0.0734,-0.0062
2024-11-26,4.1248,4.3089,4.6415,4.0387,-0.003,0.1026,-0.0071,4.3316,-0.0062,0.0524,-0.0052,4.6218,-0.0009,0.0725,-0.0062
2024-11-27,4.1031,4.3051,4.6294,4.0441,-0.0053,0.1044,-0.0071,4.332,-0.0009,0.0525,-0.0052,4.6237,-0.0026,0.0729,-0.0062
2024-11-28,4.0704,4.3016,4.6156,4.0479,-0.008,0.1077,-0.0079,4.3323,-0.0008,0.0525,-0.0052,4.6252,-0.003,0.0736,-0.0062
2024-11-29,4.0739,4.3026,4.6178,4.0512,0.0009,0.1068,-0.0079,4.3322,0.0002,0.0519,-0.0052,4.626,0.0005,0.0726,-0.0062
2024-12-02,4.071,4.2926,4.615,4.0549,-0.0007,0.1058,-0.0079,4.3318,-0.0023,0.0523,-0.0052,4.6273,-0.0006,0.0721,-0.0062
2024-12-03,4.0771,4.2812,4.6016,4.0577,0.0015,0.1035,-0.0079,4.3305,-0.0026,0.0517,-0.0052,4.6269,-0.0029,0.0691,-0.0062
2024-12-04,4.0834,4.2917,4.6064,4.0604,0.0015,0.1034,-0.0079,4.3295,0.0025,0.0522,-0.0052,4.6263,0.001,0.0688,-0.0062
2024-12-05,4.0703,4.2762,4.6051,4.0617,-0.0032,0.1024,-0.0079,4.3273,-0.0036,0.0506,-0.0052,4.6249,-0.0003,0.0668,-0.0062
2024-12-06,4.0264,4.2618,4.586,4.0622,-0.0108,0.1067,-0.0096,4.3246,-0.0034,0.0512,-0.0052,4.6233,-0.0042,0.0673,-0.0062
2024-12-09,4.0367,4.2649,4.5936,4.0626,0.0026,0.1068,-0.0096,4.322,0.0007,0.0514,-0.0052,4.622,0.0017,0.0675,-0.0062
2024-12-10,4.0292,4.2528,4.5849,4.0629,-0.0019,0.1069,-0.0096,4.3188,-0.0028,0.0515,-0.0052,4.6199,-0.0019,0.0668,-0.0062
2024-12-11,4.0389,4.2535,4.578,4.0639,0.0024,0.1068,-0.0096,4.316,0.0002,0.0514,-0.0052,4.6185,-0.0015,0.0653,-0.0062
2024-12-12,4.0632,4.269,4.6002,4.0658,0.006,0.108,-0.0096,4.3132,0.0036,0.0515,-0.0052,4.6176,0.0048,0.067,-0.0062
2024-12-13,4.0776,4.2715,4.5722,4.0684,0.0035,0.108,-0.0096,4.3105,0.0006,0.0517,-0.0052,4.6157,-0.0061,0.069,-0.0063
2024-12-16,4.0546,4.2612,4.5463,4.0702,-0.0057,0.1096,-0.0096,4.3075,-0.0024,0.0518,-0.0052,4.6134,-0.0057,0.0702,-0.0063
2024-12-17,4.0455,4.2546,4.5248,4.0715,-0.0022,0.1098,-0.0096,4.3042,-0.0016,0.0518,-0.0052,4.6098,-0.0047,0.0697,-0.0063
2024-12-18,4.0634,4.2667,4.5556,4.0743,0.0044,0.1086,-0.0096,4.3013,0.0028,0.0528,-0.0052,4.6079,0.0068,0.0723,-0.0063
2024-12-19,4.1197,4.2652,4.5697,4.0766,0.0138,0.1036,-0.0096,4.2986,-0.0004,0.0528,-0.0052,4.6061,0.0031,0.0726,-0.0063
2024-12-20,4.1032,4.2527,4.5659,4.0803,-0.004,0.0947,-0.0079,4.2967,-0.0029,0.0479,-0.0039,4.6058,-0.0008,0.0658,-0.006
2024-12-23,4.082,4.2586,4.5704,4.0819,-0.0052,0.0924,-0.0079,4.2946,0.0014,0.0475,-0.0039,4.6047,0.001,0.0633,-0.006
2024-12-24,4.0974,4.2638,4.5602,4.0823,0.0038,0.0844,-0.0079,4.2914,0.0012,0.0385,-0.0039,4.6019,-0.0022,0.0569,-0.006
2024-12-25,4.0874,4.2538,4.5246,4.0819,-0.0025,0.0844,-0.0079,4.2882,-0.0023,0.0385,-0.0039,4.5979,-0.0079,0.0607,-0.0063
2024-12-26,4.0884,4.259,4.547,4.0813,0.0003,0.0841,-0.0079,4.2856,0.0012,0.0385,-0.0039,4.5949,0.005,0.0629,-0.0063
2024-12-27,4.0885,4.2626,4.5498,4.0808,0.0,0.084,-0.0079,4.2836,0.0009,0.0373,-0.0035,4.5929,0.0006,0.0609,-0.0063
2024-12-30,4.0924,4.2679,4.5374,4.0805,0.0009,0.0841,-0.0079,4.2818,0.0012,0.0376,-0.0035,4.5903,-0.0027,0.061,-0.0063
2024-12-31,4.1071,4.2737,4.5464,4.0817,0.0036,0.0815,-0.0069,4.2805,0.0013,0.0376,-0.0035,4.5882,0.002,0.0614,-0.0063
2025-01-02,4.1286,4.2734,4.5476,4.0832,0.0052,0.0825,-0.0069,4.2786,-0.0001,0.0356,-0.0035,4.5855,0.0003,0.0598,-0.0063
2025-01-03,4.1594,4.2704,4.562,4.0849,0.0074,0.0832,-0.0069,4.2765,-0.0007,0.0353,-0.0035,4.5826,0.0032,0.0588,-0.0063
2025-01-06,4.1411,4.2672,4.5535,4.0847,-0.0044,0.0797,-0.0069,4.274,-0.0008,0.0346,-0.0035,4.5785,-0.0019,0.0559,-0.0063
2025-01-07,4.0918,4.2484,4.5204,4.0832,-0.012,0.0866,-0.0096,4.2711,-0.0044,0.0363,-0.0041,4.5743,-0.0073,0.0567,-0.0068
2025-01-08,4.1169,4.2558,4.5263,4.0829,0.0061,0.0882,-0.0096,4.2693,0.0017,0.0329,-0.0035,4.5705,0.0013,0.0571,-0.0068
2025-01-09,4.1415,4.2731,4.5475,4.0842,0.006,0.0885,-0.0096,4.2683,0.0041,0.0353,-0.0035,4.5677,0.0047,0.059,-0.0068
2025-01-10,4.1357,4.2595,4.5352,4.0864,-0.0014,0.0851,-0.0085,4.2669,-0.0032,0.0363,-0.0035,4.565,-0.0027,0.0589,-0.0068
2025-01-13,4.1613,4.2628,4.5387,4.0893,0.0062,0.0866,-0.0085,4.2655,0.0008,0.0364,-0.0035,4.5624,0.0008,0.0589,-0.0068
2025-01-14,4.1584,4.2687,4.5406,4.0922,-0.0007,0.0866,-0.0085,4.2647,0.0014,0.0362,-0.0035,4.5599,0.0004,0.059,-0.0068
2025-01-15,4.1354,4.2621,4.5303,4.0942,-0.0055,0.0885,-0.0085,4.2641,-0.0015,0.0357,-0.0035,4.5576,-0.0023,0.0588,-0.0068
2025-01-16,4.1347,4.2566,4.5326,4.0959,-0.0002,0.0884,-0.0085,4.2629,-0.0013,0.035,-0.0035,4.5551,0.0005,0.0587,-0.0068
2025-01-17,4.138,4.2628,4.5412,4.0981,0.0008,0.0878,-0.0085,4.2625,0.0014,0.0338,-0.0033,4.553,0.0019,0.0591,-0.0068
2025-01-20,4.1437,4.2585,4.5301,4.1021,0.0014,0.0808,-0.0056,4.2624,-0.001,0.0325,-0.0031,4.5511,-0.0024,0.0584,-0.0068
2025-01-21,4.0788,4.2502,4.5009,4.1035,-0.0158,0.0941,-0.0091,4.2619,-0.002,0.0329,-0.0031,4.548,-0.0065,0.0606,-0.0069
2025-01-22,4.083,4.2486,4.5026,4.1052,0.001,0.0939,-0.0091,4.2617,-0.0004,0.0319,-0.0031,4.5453,0.0004,0.0606,-0.0069
2025-01-23,4.0563,4.2218,4.4752,4.1058,-0.0066,0.0958,-0.0095,4.2607,-0.0063,0.0367,-0.0039,4.5418,-0.0061,0.0626,-0.0069
2025-01-24,4.0445,4.2126,4.4555,4.1052,-0.0029,0.0946,-0.0095,4.2588,-0.0022,0.0352,-0.0039,4.537,-0.0044,0.0611,-0.0069
2025-01-27,4.0221,4.21,4.4348,4.1034,-0.0056,0.0951,-0.0095,4.2567,-0.0006,0.035,-0.0039,4.5324,-0.0047,0.0602,-0.0069
2025-01-28,4.0341,4.2134,4.462,4.1027,0.003,0.0943,-0.0095,4.2552,0.0008,0.0348,-0.0039,4.5296,0.0061,0.062,-0.0069
2025-01-29,4.0273,4.2007,4.4546,4.1021,-0.0017,0.0942,-0.0095,4.2534,-0.003,0.0354,-0.0039,4.5273,-0.0017,0.0609,-0.0069
2025-01-30,4.0289,4.2,4.4446,4.1009,0.0004,0.0933,-0.0095,4.2511,-0.0001,0.0341,-0.0039,4.5236,-0.0022,0.057,-0.0069
2025-01-31,4.0379,4.1976,4.4411,4.0982,0.0022,0.0836,-0.0095,4.2489,-0.0006,0.0341,-0.0039,4.5193,-0.0008,0.0557,-0.0069
2025-02-03,4.1172,4.2192,4.498,4.0987,0.0194,0.1013,-0.0095,4.2478,0.0051,0.037,-0.0039,4.517,0.0127,0.0684,-0.0069
2025-02-04,4.0934,4.2272,4.4901,4.099,-0.0058,0.1016,-0.0095,4.2467,0.0019,0.0373,-0.0039,4.5144,-0.0018,0.0684,-0.0069
2025-02-05,4.0564,4.2074,4.4799,4.0977,-0.0091,0.1043,-0.0107,4.2448,-0.0047,0.0391,-0.0046,4.5117,-0.0023,0.0684,-0.0069
2025-02-06,4.0374,4.1992,4.479,4.096,-0.0047,0.1049,-0.0107,4.243,-0.002,0.039,-0.0046,4.5102,-0.0002,0.0648,-0.0063
2025-02-07,4.034,4.1894,4.4566,4.0942,-0.0008,0.1049,-0.0107,4.2407,-0.0023,0.039,-0.0046,4.5071,-0.005,0.0642,-0.0063
2025-02-10,4.0612,4.1884,4.4611,4.0933,0.0067,0.1069,-0.0107,4.2382,-0.0002,0.0388,-0.0046,4.5042,0.001,0.0643,-0.0063
2025-02-11,4.0572,4.1808,4.4492,4.0921,-0.001,0.1069,-0.0107,4.2353,-0.0018,0.0386,-0.0046,4.5012,-0.0027,0.0643,-0.0063
2025-02-12,4.0242,4.1708,4.4072,4.0893,-0.0082,0.1086,-0.0107,4.2319,-0.0024,0.0384,-0.0046,4.4966,-0.0095,0.0686,-0.0069
2025-02-13,4.0026,4.1605,4.3851,4.0851,-0.0054,0.1079,-0.0107,4.2281,-0.0025,0.0386,-0.0046,4.4912,-0.005,0.0695,-0.0069
2025-02-14,3.9828,4.1664,4.4089,4.0793,-0.005,0.1054,-0.0107,4.2247,0.0014,0.0392,-0.0046,4.4861,0.0054,0.071,-0.0069
2025-02-17,3.9735,4.1677,4.4151,4.0737,-0.0023,0.1051,-0.0107,4.2213,0.0003,0.0393,-0.0046,4.4815,0.0014,0.0713,-0.0069
2025-02-18,3.9634,4.1573,4.4016,4.0694,-0.0025,0.1003,-0.0087,4.2183,-0.0025,0.0382,-0.004,4.4775,-0.0031,0.0691,-0.0063
2025-02-19,3.9673,4.1452,4.3926,4.0644,0.001,0.0982,-0.0087,4.2146,-0.0029,0.038,-0.004,4.4731,-0.002,0.0689,-0.0063
2025-02-20,4.0065,4.1758,4.4267,4.0599,0.0098,0.1012,-0.0087,4.2114,0.0074,0.0426,-0.004,4.469,0.0077,0.0716,-0.0063
2025-02-21,3.9606,4.1587,4.4115,4.0541,-0.0115,0.1056,-0.0104,4.208,-0.0041,0.0431,-0.0044,4.4649,-0.0034,0.0717,-0.0063
2025-02-24,3.9705,4.1588,4.4186,4.0477,0.0025,0.1038,-0.0104,4.2045,0.0,0.0429,-0.0044,4.4609,0.0016,0.072,-0.0063
2025-02-25,3.9599,4.1424,4.4123,4.0411,-0.0027,0.1039,-0.0104,4.2003,-0.004,0.0434,-0.0044,4.4566,-0.0014,0.0719,-0.0063
2025-02-26,3.9332,4.1393,4.4093,4.0343,-0.0068,0.1043,-0.0104,4.1962,-0.0007,0.0433,-0.0044,4.4526,-0.0007,0.0718,-0.0063
2025-02-27,3.9422,4.1356,4.41,4.0279,0.0023,0.1049,-0.0104,4.1922,-0.0009,0.0433,-0.0044,4.4485,0.0002,0.0717,-0.0063
2025-02-28,4.0035,4.1614,4.4481,4.0234,0.0154,0.1157,-0.0104,4.1888,0.0062,0.0476,-0.0044,4.4454,0.0086,0.0765,-0.0063
2025-03-03,4.0048,4.1701,4.4364,4.0188,0.0003,0.1156,-0.0104,4.1859,0.0021,0.0484,-0.0044,4.4423,-0.0026,0.0765,-0.0063
2025-03-04,3.9664,4.1585,4.423,4.0151,-0.0097,0.1101,-0.0094,4.1828,-0.0028,0.0486,-0.0044,4.4397,-0.003,0.0749,-0.0056
2025-03-05,3.9165,4.1608,4.4018,4.0095,-0.0126,0.115,-0.0107,4.1799,0.0006,0.0487,-0.0044,4.4363,-0.0048,0.0758,-0.0056
2025-03-06,3.846,4.1512,4.3172,4.0025,-0.0182,0.1241,-0.0121,4.1775,-0.0023,0.046,-0.004,4.4311,-0.0194,0.092,-0.0075
2025-03-07,3.8671,4.1715,4.3776,3.9966,0.0055,0.1258,-0.0121,4.1762,0.0049,0.0484,-0.004,4.4285,0.0139,0.1013,-0.0075
2025-03-10,3.8297,4.1592,4.3644,3.9902,-0.0097,0.1275,-0.0121,4.1745,-0.003,0.049,-0.004,4.4261,-0.003,0.1008,-0.0075
2025-03-11,3.8703,4.1952,4.3979,3.9847,0.0105,0.1317,-0.0121,4.1739,0.0086,0.0554,-0.004,4.424,0.0076,0.1018,-0.0075
2025-03-12,3.8407,4.1917,4.3464,3.9785,-0.0077,0.133,-0.0121,4.1736,-0.0008,0.0548,-0.004,4.4204,-0.0118,0.1069,-0.0107
2025-03-13,3.8452,4.1838,4.3582,3.9724,0.0012,0.1331,-0.0121,4.173,-0.0019,0.0551,-0.004,4.4175,0.0027,0.1073,-0.0107
2025-03-14,3.8502,4.1794,4.3616,3.9661,0.0013,0.1329,-0.0121,4.1724,-0.001,0.0551,-0.004,4.4148,0.0008,0.1073,-0.0107
2025-03-17,3.8398,4.178,4.3427,3.9569,-0.0027,0.117,-0.0121,4.171,-0.0003,0.0528,-0.004,4.4097,-0.0044,0.1001,-0.0107
2025-03-18,3.8295,4.1813,4.3479,3.9481,-0.0027,0.1165,-0.0121,4.1695,0.0008,0.0525,-0.004,4.4049,0.0012,0.1003,-0.0107
2025-03-19,3.8192,4.1778,4.3559,3.9402,-0.0027,0.1147,-0.0121,4.1685,-0.0008,0.0509,-0.0035,4.4008,0.0018,0.1006,-0.0107
2025-03-20,3.8327,4.1821,4.3732,3.9334,0.0035,0.1155,-0.0121,4.168,0.001,0.0507,-0.0035,4.3973,0.004,0.1015,-0.0107
2025-03-21,3.86,4.1905,4.3785,3.9276,0.0071,0.1183,-0.0121,4.168,0.002,0.0507,-0.0035,4.3947,0.0012,0.1009,-0.0107
2025-03-24,3.8703,4.1936,4.3827,3.9212,0.0027,0.1164,-0.0121,4.1682,0.0007,0.0507,-0.0035,4.3921,0.001,0.1009,-0.0107
2025-03-25,3.8639,4.1742,4.3769,3.9147,-0.0017,0.1164,-0.0121,4.168,-0.0046,0.0522,-0.004,4.3896,-0.0013,0.1007,-0.0107
2025-03-26,3.8575,4.1612,4.3724,3.9092,-0.0016,0.1147,-0.0121,4.1676,-0.0031,0.0526,-0.004,4.3885,-0.001,0.0971,-0.0087
2025-03-27,3.894,4.1826,4.4035,3.9056,0.0094,0.1183,-0.0121,4.1684,0.0051,0.0541,-0.004,4.3891,0.0071,0.0983,-0.0086
2025-03-28,3.8732,4.1833,4.3931,3.9019,-0.0054,0.1184,-0.0121,4.1689,0.0002,0.054,-0.004,4.3886,-0.0024,0.0972,-0.0086
2025-03-31,3.8575,4.1752,4.3806,3.8981,-0.0041,0.1187,-0.0121,4.1692,-0.0019,0.0543,-0.004,4.3874,-0.0028,0.0974,-0.0086
2025-04-01,3.8646,4.1809,4.3712,3.8948,0.0018,0.1188,-0.0121,4.17,0.0014,0.0539,-0.004,4.3864,-0.0022,0.0972,-0.0086
2025-04-02,3.8736,4.1817,4.3831,3.8916,0.0023,0.1191,-0.0121,4.1712,0.0002,0.0531,-0.004,4.3861,0.0027,0.0975,-0.0086
2025-04-03,3.8295,4.1774,4.3683,3.8857,-0.0115,0.1186,-0.0121,4.1712,-0.001,0.0488,-0.004,4.3841,-0.0034,0.095,-0.0086
2025-04-04,3.8242,4.2221,4.4501,3.8812,-0.0014,0.1147,-0.0121,4.1734,0.0106,0.0561,-0.0036,4.3854,0.0185,0.1093,-0.0086
2025-04-07,3.8837,4.2653,4.5593,3.8783,0.0154,0.1241,-0.0121,4.1769,0.0102,0.0627,-0.0036,4.3901,0.0242,0.1295,-0.0086
2025-04-08,3.9347,4.2942,4.5761,3.8775,0.013,0.1301,-0.0121,4.182,0.0068,0.0633,-0.003,4.3956,0.0037,0.1295,-0.0086
2025-04-09,3.8891,4.2703,4.598,3.876,-0.0116,0.133,-0.0122,4.1863,-0.0056,0.0661,-0.004,4.4019,0.0048,0.1297,-0.0086
2025-04-10,3.8635,4.2309,4.515,3.8734,-0.0066,0.134,-0.0122,4.1895,-0.0093,0.0724,-0.0052,4.4054,-0.0182,0.1417,-0.0153
2025-04-11,3.7815,4.257,4.6058,3.866,-0.0214,0.138,-0.0157,4.1927,0.0062,0.0723,-0.0052,4.4106,0.0199,0.1506,-0.0153
2025-04-14,3.774,4.2807,4.613,3.8583,-0.002,0.1379,-0.0157,4.1964,0.0055,0.0736,-0.0052,4.4165,0.0016,0.1502,-0.0153
2025-04-15,3.7645,4.2687,4.6123,3.8515,-0.0025,0.1359,-0.0157,4.2,-0.0028,0.0736,-0.0052,4.4228,-0.0001,0.1497,-0.0153
2025-04-16,3.8018,4.2934,4.6309,3.8477,0.0099,0.1359,-0.0152,4.2045,0.0058,0.0749,-0.0052,4.4305,0.004,0.1487,-0.0153
2025-04-17,3.7524,4.2761,4.6102,3.8446,-0.0131,0.131,-0.0124,4.2086,-0.004,0.0758,-0.0052,4.4402,-0.0045,0.1361,-0.0085
2025-04-22,3.7073,4.2675,4.581,3.8393,-0.0121,0.1336,-0.0126,4.2118,-0.002,0.0753,-0.0052,4.447,-0.0064,0.1336,-0.0093
2025-04-23,3.7719,4.2814,4.565,3.8373,0.0173,0.1416,-0.0126,4.2159,0.0032,0.0748,-0.0052,4.4537,-0.0035,0.1337,-0.0093
2025-04-24,3.7825,4.2838,4.5572,3.8344,0.0028,0.1381,-0.0126,4.2189,0.0006,0.0712,-0.0052,4.459,-0.0017,0.1327,-0.0093
2025-04-25,3.7537,4.2683,4.5286,3.8315,-0.0077,0.1381,-0.0126,4.2214,-0.0036,0.0722,-0.0052,4.4651,-0.0063,0.129,-0.0063
2025-04-28,3.7613,4.2663,4.5394,3.8287,0.002,0.1382,-0.0126,4.2242,-0.0005,0.0718,-0.0052,4.4711,0.0024,0.1289,-0.0063
2025-04-29,3.7399,4.2667,4.5533,3.825,-0.0057,0.1388,-0.0126,4.2271,0.0001,0.0717,-0.0052,4.4775,0.0031,0.129,-0.0063
2025-04-30,3.7458,4.2667,4.5492,3.8219,0.0016,0.1389,-0.0126,4.23,0.0,0.0717,-0.0052,4.4844,-0.0009,0.1281,-0.0063
2025-05-01,3.7709,4.2703,4.565,3.82,0.0067,0.1405,-0.0126,4.233,0.0008,0.0717,-0.0052,4.4916,0.0035,0.1282,-0.0063
2025-05-02,3.785,4.2756,4.565,3.8188,0.0037,0.1408,-0.0126,4.2363,0.0012,0.0715,-0.0052,4.4986,0.0,0.1283,-0.0063
2025-05-05,3.7739,4.273,4.5786,3.8169,-0.0029,0.1406,-0.0126,4.2393,-0.0006,0.0716,-0.0052,4.5054,0.003,0.1281,-0.0063
2025-05-06,3.7678,4.2624,4.5829,3.8138,-0.0016,0.1387,-0.0126,4.2417,-0.0025,0.0721,-0.0052,4.5123,0.0009,0.1281,-0.0063
2025-05-07,3.7643,4.2695,4.557,3.8103,-0.0009,0.1383,-0.0126,4.2442,0.0017,0.0722,-0.0052,4.5181,-0.0057,0.1298,-0.0063
2025-05-08,3.7671,4.2609,4.5757,3.807,0.0007,0.1384,-0.0126,4.2471,-0.002,0.0709,-0.0049,4.5247,0.0041,0.1298,-0.0063
2025-05-09,3.7858,4.249,4.5503,3.8046,0.005,0.1394,-0.0126,4.25,-0.0028,0.0708,-0.0049,4.5306,-0.0056,0.1312,-0.0063
2025-05-12,3.7671,4.2302,4.5189,3.8004,-0.0049,0.1366,-0.0126,4.2516,-0.0044,0.071,-0.0051,4.5345,-0.0069,0.1322,-0.0067
2025-05-13,3.8198,4.2381,4.5201,3.7986,0.0139,0.1426,-0.0126,4.2534,0.0019,0.0711,-0.0051,4.5387,0.0003,0.1318,-0.0067
2025-05-14,3.7857,4.2344,4.5087,3.7962,-0.009,0.1444,-0.0126,4.2554,-0.0009,0.0709,-0.0051,4.543,-0.0025,0.1318,-0.0067
2025-05-15,3.7818,4.2288,4.4946,3.7935,-0.001,0.1442,-0.0126,4.257,-0.0013,0.071,-0.0051,4.5471,-0.0031,0.132,-0.0067
2025-05-16,3.7908,4.2436,4.5409,3.7907,0.0024,0.1442,-0.0126,4.2591,0.0035,0.0716,-0.0051,4.5524,0.0102,0.1347,-0.0067
2025-05-19,3.8162,4.2691,4.5669,3.7903,0.0067,0.142,-0.0126,4.2621,0.006,0.0731,-0.0051,4.559,0.0057,0.1346,-0.0067
2025-05-20,3.7778,4.2435,4.5235,3.7887,-0.0101,0.1449,-0.0126,4.2629,-0.006,0.0694,-0.0058,4.5614,-0.0095,0.1281,-0.0084
2025-05-21,3.7543,4.2377,4.5402,3.7844,-0.0063,0.1378,-0.0126,4.2619,-0.0014,0.0626,-0.0058,4.5608,0.0037,0.1072,-0.0084
2025-05-22,3.7405,4.2382,4.5335,3.7779,-0.0037,0.1312,-0.0126,4.2601,0.0001,0.059,-0.0058,4.5594,-0.0015,0.1066,-0.0084
2025-05-23,3.7655,4.248,4.5447,3.7738,0.0067,0.1299,-0.0126,4.2593,0.0023,0.0575,-0.0053,4.5576,0.0025,0.1059,-0.0084
2025-05-26,3.7348,4.2471,4.5399,3.7695,-0.0082,0.1305,-0.0126,4.2599,-0.0002,0.0506,-0.0043,4.5584,-0.0011,0.0915,-0.0067
2025-05-27,3.7218,4.2384,4.536,3.7675,-0.0035,0.1158,-0.0112,4.2592,-0.0021,0.0476,-0.0043,4.5561,-0.0009,0.0697,-0.0067
2025-05-28,3.7437,4.2438,4.5246,3.7665,0.0059,0.1172,-0.0112,4.258,0.0013,0.0447,-0.0043,4.5531,-0.0025,0.0697,-0.0067
2025-05-29,3.771,4.2356,4.5279,3.7667,0.0073,0.1189,-0.0112,4.2569,-0.0019,0.0443,-0.0043,4.5503,0.0007,0.0698,-0.0067
2025-05-30,3.725,4.2382,4.5312,3.7642,-0.0123,0.1204,-0.0122,4.2551,0.0006,0.0406,-0.0043,4.547,0.0007,0.0685,-0.0067
2025-06-02,3.7568,4.2645,4.5679,3.7643,0.0085,0.1172,-0.0112,4.2547,0.0062,0.0434,-0.0041,4.5456,0.0081,0.0721,-0.0067
2025-06-03,3.7125,4.2509,4.551,3.7645,-0.0118,0.117,-0.0111,4.2541,-0.0032,0.044,-0.0041,4.5446,-0.0037,0.0706,-0.0066
2025-06-04,3.7502,4.2692,4.5565,3.7638,0.0101,0.1095,-0.0111,4.2537,0.0043,0.0448,-0.0041,4.5443,0.0012,0.07,-0.0066
2025-06-05,3.7439,4.2759,4.5758,3.7625,-0.0017,0.1092,-0.0111,4.2535,0.0016,0.045,-0.0041,4.5449,0.0042,0.0709,-0.0066
2025-06-06,3.7346,4.2774,4.5579,3.7619,-0.0025,0.1072,-0.0111,4.2538,0.0004,0.0437,-0.0039,4.5459,-0.0039,0.0694,-0.0063
2025-06-09,3.7531,4.2808,4.5686,3.7616,0.005,0.108,-0.0111,4.2543,0.0008,0.0437,-0.0039,4.5469,0.0023,0.0693,-0.0063
2025-06-10,3.7354,4.2686,4.548,3.7614,-0.0047,0.1076,-0.0111,4.2543,-0.0029,0.0446,-0.0039,4.5467,-0.0045,0.0701,-0.0063
2025-06-11,3.7174,4.2516,4.523,3.7605,-0.0048,0.1084,-0.0111,4.2538,-0.004,0.0461,-0.0042,4.5458,-0.0055,0.0718,-0.0063
2025-06-12,3.6919,4.2488,4.5098,3.7579,-0.0069,0.108,-0.0111,4.2531,-0.0006,0.046,-0.0042,4.544,-0.0029,0.0714,-0.0063
2025-06-13,3.6748,4.2642,4.5424,3.7542,-0.0047,0.1077,-0.0111,4.2527,0.0036,0.0471,-0.0042,4.5432,0.0072,0.0748,-0.0063
2025-06-16,3.6942,4.2763,4.5534,3.7515,0.0053,0.109,-0.0111,4.2528,0.0028,0.0479,-0.0042,4.5424,0.0024,0.0746,-0.0063
2025-06-17,3.6951,4.2682,4.5401,3.7491,0.0002,0.109,-0.0111,4.253,-0.0019,0.0476,-0.0042,4.541,-0.0029,0.0749,-0.0063
2025-06-18,3.7193,4.2726,4.5549,3.7476,0.0065,0.111,-0.0111,4.2531,0.001,0.0475,-0.0042,4.5409,0.0033,0.0738,-0.0063
2025-06-19,3.7204,4.2708,4.5428,3.7461,0.0003,0.111,-0.0111,4.2535,-0.0004,0.0471,-0.0042,4.5398,-0.0027,0.0731,-0.0063
2025-06-20,3.7096,4.2707,4.546,3.7435,-0.0029,0.11,-0.0111,4.2542,-0.0,0.0463,-0.0042,4.5396,0.0007,0.0714,-0.0063
2025-06-23,3.7124,4.2712,4.5409,3.7417,0.0008,0.1093,-0.0111,4.2555,0.0001,0.0442,-0.0036,4.5404,-0.0011,0.0685,-0.0051
2025-06-24,3.684,4.2729,4.5327,3.7372,-0.0077,0.1023,-0.0111,4.2567,0.0004,0.044,-0.0036,4.5408,-0.0018,0.0687,-0.0051
2025-06-25,3.6609,4.2506,4.546,3.733,-0.0063,0.1008,-0.0111,4.2572,-0.0052,0.0467,-0.0047,4.542,0.0029,0.0687,-0.0051
2025-06-26,3.6355,4.2477,4.5228,3.7281,-0.007,0.1022,-0.0111,4.2579,-0.0007,0.0465,-0.0047,4.543,-0.0051,0.0698,-0.0053
2025-06-27,3.6265,4.2396,4.527,3.7226,-0.0025,0.1017,-0.0111,4.2577,-0.0019,0.0458,-0.0047,4.5425,0.0009,0.0631,-0.0053
2025-06-30,3.6127,4.2366,4.5257,3.7159,-0.0038,0.0989,-0.0111,4.2567,-0.0007,0.0421,-0.0047,4.5412,-0.0003,0.0606,-0.0053
2025-07-01,3.5985,4.2415,4.5369,3.7099,-0.0039,0.096,-0.0102,4.2566,0.0012,0.0385,-0.0036,4.5416,0.0025,0.0544,-0.0048
2025-07-02,3.597,4.2462,4.5487,3.7046,-0.0004,0.095,-0.0102,4.2569,0.0011,0.0384,-0.0036,4.5419,0.0026,0.0539,-0.0048
2025-07-03,3.61,4.2598,4.5613,3.7003,0.0036,0.0959,-0.0102,4.2576,0.0032,0.0395,-0.0036,4.5428,0.0028,0.0542,-0.0048
2025-07-04,3.6014,4.2392,4.5346,3.6948,-0.0024,0.093,-0.0102,4.2573,-0.0048,0.0415,-0.0045,4.5425,-0.0059,0.0565,-0.0053
2025-07-07,3.5987,4.2411,4.533,3.6903,-0.0008,0.0908,-0.01,4.2571,0.0004,0.0415,-0.0045,4.5422,-0.0004,0.0565,-0.0053
2025-07-08,3.6179,4.246,4.5378,3.6868,0.0053,0.0925,-0.01,4.2574,0.0012,0.0412,-0.0045,4.5423,0.0011,0.0565,-0.0053
2025-07-09,3.6186,4.2426,4.546,3.6826,0.0002,0.0903,-0.01,4.2573,-0.0008,0.0411,-0.0045,4.543,0.0018,0.0562,-0.0053
2025-07-10,3.615,4.2405,4.5582,3.6774,-0.001,0.0867,-0.01,4.2575,-0.0005,0.0408,-0.0045,4.544,0.0027,0.0567,-0.0053
2025-07-11,3.6308,4.2483,4.5564,3.6743,0.0044,0.0819,-0.0074,4.2578,0.0018,0.0411,-0.0045,4.5449,-0.0004,0.0567,-0.0053
2025-07-14,3.6442,4.257,4.573,3.6706,0.0037,0.0782,-0.0074,4.2576,0.002,0.0373,-0.0045,4.545,0.0036,0.0526,-0.0053
2025-07-15,3.6448,4.252,4.5696,3.6683,0.0002,0.0712,-0.0069,4.2576,-0.0012,0.0363,-0.0045,4.5457,-0.0007,0.0514,-0.0053
2025-07-16,3.6705,4.2604,4.5793,3.6656,0.007,0.0677,-0.0069,4.2573,0.002,0.0345,-0.0045,4.5464,0.0021,0.0517,-0.0053
2025-07-17,3.6548,4.2525,4.5627,3.6627,-0.0043,0.0684,-0.0069,4.2565,-0.0019,0.0345,-0.0045,4.546,-0.0036,0.0513,-0.0053
2025-07-18,3.6624,4.252,4.561,3.6603,0.0021,0.0687,-0.0069,4.2557,-0.0001,0.0345,-0.0045,4.5461,-0.0004,0.0501,-0.0053
2025-07-21,3.6491,4.2441,4.5536,3.6568,-0.0037,0.0671,-0.0069,4.2545,-0.0019,0.0347,-0.0045,4.5456,-0.0016,0.0498,-0.0053
2025-07-22,3.6276,4.2422,4.5446,3.6532,-0.0059,0.0678,-0.0069,4.2536,-0.0005,0.0338,-0.0045,4.5455,-0.002,0.0483,-0.0053
2025-07-23,3.6209,4.2505,4.5616,3.65,-0.0018,0.0668,-0.0069,4.2535,0.002,0.0324,-0.0035,4.5468,0.0037,0.0466,-0.0044
2025-07-24,3.6068,4.2465,4.5548,3.6471,-0.0039,0.0651,-0.0067,4.2535,-0.0009,0.0324,-0.0035,4.5483,-0.0015,0.0459,-0.0044
2025-07-25,3.6164,4.251,4.5507,3.6452,0.0027,0.0647,-0.0067,4.253,0.0011,0.0307,-0.0035,4.5485,-0.0009,0.0412,-0.0044
2025-07-28,3.6086,4.2428,4.5388,3.6423,-0.0022,0.0625,-0.0067,4.2519,-0.0019,0.0299,-0.0035,4.548,-0.0026,0.0412,-0.0044
2025-07-29,3.6731,4.2602,4.5726,3.6416,0.0177,0.0823,-0.0067,4.2516,0.0041,0.032,-0.0035,4.5491,0.0074,0.0457,-0.0044
2025-07-30,3.7032,4.2773,4.5967,3.6411,0.0082,0.0836,-0.0067,4.2518,0.004,0.034,-0.0035,4.5505,0.0053,0.0472,-0.0044
2025-07-31,3.7374,4.2714,4.5949,3.6416,0.0092,0.0879,-0.0067,4.2518,-0.0014,0.0342,-0.0035,4.5523,-0.0004,0.0464,-0.0044
2025-08-01,3.7417,4.2742,4.5982,3.6427,0.0012,0.0875,-0.0067,4.2519,0.0007,0.0343,-0.0035,4.554,0.0007,0.0464,-0.0044
2025-08-04,3.6783,4.2618,4.5742,3.6416,-0.0171,0.1009,-0.0074,4.2516,-0.0029,0.0353,-0.004,4.5551,-0.0052,0.0491,-0.0052
2025-08-05,3.6885,4.2726,4.5694,3.6417,0.0028,0.0988,-0.0067,4.2516,0.0025,0.0361,-0.004,4.5563,-0.001,0.0488,-0.0052
2025-08-06,3.6931,4.2783,4.5781,3.6428,0.0012,0.097,-0.0065,4.2525,0.0013,0.0327,-0.0025,4.5574,0.0019,0.0484,-0.0052
2025-08-07,3.6622,4.2709,4.5425,3.6437,-0.0084,0.098,-0.0073,4.2533,-0.0017,0.0331,-0.0025,4.5581,-0.0078,0.0515,-0.0056
2025-08-08,3.6417,4.2515,4.5192,3.6442,-0.0056,0.0992,-0.0073,4.2537,-0.0046,0.0354,-0.0038,4.5578,-0.0051,0.0537,-0.0056
2025-08-11,3.6424,4.2425,4.5097,3.6452,0.0002,0.0985,-0.0073,4.2539,-0.0021,0.0359,-0.0038,4.5573,-0.0021,0.054,-0.0056
2025-08-12,3.6633,4.2559,4.5112,3.6473,0.0057,0.0989,-0.0073,4.2544,0.0031,0.0369,-0.0038,4.5564,0.0003,0.0535,-0.0056
2025-08-13,3.6415,4.2512,4.5164,3.6488,-0.006,0.1007,-0.0073,4.2545,-0.0011,0.0369,-0.0038,4.5553,0.0012,0.053,-0.0056
2025-08-14,3.6296,4.2511,4.5096,3.6495,-0.0033,0.1007,-0.0073,4.2542,-0.0,0.0357,-0.0038,4.5536,-0.0015,0.0523,-0.0056
2025-08-15,3.6546,4.2576,4.5257,3.6513,0.0069,0.1023,-0.0073,4.2549,0.0015,0.0329,-0.0026,4.5533,0.0036,0.0509,-0.0052
2025-08-18,3.6344,4.2545,4.5053,3.6524,-0.0055,0.1037,-0.0073,4.2553,-0.0007,0.033,-0.0026,4.5524,-0.0045,0.0525,-0.0052
2025-08-19,3.6385,4.2453,4.5067,3.6531,0.0011,0.1026,-0.0073,4.2553,-0.0021,0.0335,-0.0026,4.5513,0.0003,0.0524,-0.0052
2025-08-20,3.6413,4.2393,4.51,3.6539,0.0008,0.1027,-0.0073,4.2552,-0.0014,0.0337,-0.0026,4.5501,0.0007,0.0521,-0.0052
2025-08-21,3.6441,4.2458,4.5313,3.6549,0.0008,0.1026,-0.0073,4.2554,0.0015,0.0339,-0.0026,4.5493,0.0047,0.0534,-0.0052
2025-08-22,3.6608,4.2522,4.5281,3.6559,0.0046,0.1027,-0.0073,4.2555,0.0015,0.0338,-0.0026,4.5483,-0.0007,0.0534,-0.0052
2025-08-25,3.6316,4.2522,4.5258,3.6554,-0.008,0.1049,-0.0082,4.2553,0.0,0.0333,-0.0026,4.5467,-0.0005,0.0522,-0.0052
2025-08-26,3.6646,4.2561,4.5468,3.6561,0.0091,0.1082,-0.0082,4.2555,0.0009,0.0332,-0.0026,4.546,0.0046,0.0541,-0.0052
2025-08-27,3.6567,4.2563,4.5495,3.6556,-0.0021,0.1064,-0.0082,4.2553,0.0001,0.0327,-0.0026,4.545,0.0006,0.0537,-0.0052
2025-08-28,3.6614,4.2645,4.5675,3.6559,0.0013,0.1057,-0.0082,4.2557,0.0019,0.0327,-0.0026,4.5451,0.0039,0.054,-0.0052
2025-08-29,3.647,4.2602,4.5496,3.6553,-0.0039,0.1062,-0.0082,4.256,-0.001,0.0328,-0.0026,4.5448,-0.0039,0.0552,-0.0052
2025-09-01,3.6445,4.2604,4.5515,3.6552,-0.0007,0.1057,-0.0082,4.2565,0.0,0.0323,-0.0026,4.5447,0.0004,0.055,-0.0052
2025-09-02,3.6367,4.2605,4.5445,3.6555,-0.0021,0.1044,-0.0082,4.2572,0.0,0.0323,-0.0026,4.5447,-0.0015,0.0549,-0.0052
2025-09-03,3.664,4.2619,4.5488,3.6569,0.0075,0.1064,-0.0082,4.2575,0.0003,0.0318,-0.0026,4.5443,0.0009,0.0539,-0.0052
2025-09-04,3.6457,4.251,4.536,3.6582,-0.005,0.1068,-0.0082,4.2577,-0.0026,0.0326,-0.0028,4.5436,-0.0028,0.0543,-0.0052
2025-09-05,3.6452,4.249,4.5275,3.6592,-0.0001,0.1066,-0.0082,4.2576,-0.0005,0.0325,-0.0028,4.5429,-0.0019,0.0545,-0.0052
2025-09-08,3.6297,4.2513,4.5408,3.6599,-0.0043,0.1072,-0.0082,4.2579,0.0005,0.032,-0.0028,4.5429,0.0029,0.0547,-0.0052
2025-09-09,3.6078,4.2474,4.5518,3.6577,-0.0061,0.0949,-0.0082,4.2575,-0.0009,0.0298,-0.0028,4.5422,0.0024,0.0506,-0.0052
2025-09-10,3.6315,4.2494,4.553,3.6553,0.0066,0.0937,-0.0082,4.2565,0.0005,0.0272,-0.0028,4.5408,0.0003,0.0479,-0.0052
2025-09-11,3.6379,4.2574,4.5572,3.652,0.0017,0.0893,-0.0082,4.2561,0.0019,0.0276,-0.0028,4.5395,0.0009,0.0481,-0.0052
2025-09-12,3.6249,4.2521,4.5523,3.6481,-0.0036,0.0894,-0.0082,4.2553,-0.0012,0.0277,-0.0028,4.538,-0.0011,0.048,-0.0052
2025-09-15,3.6267,4.2526,4.5516,3.6464,0.0005,0.0754,-0.0071,4.255,0.0001,0.0265,-0.0024,4.5372,-0.0001,0.0457,-0.0049
2025-09-16,3.6099,4.2465,4.5424,3.6438,-0.0046,0.0757,-0.0071,4.2542,-0.0014,0.0256,-0.0024,4.5363,-0.002,0.046,-0.0049
2025-09-17,3.5758,4.2481,4.5528,3.6399,-0.0095,0.0795,-0.0082,4.2532,0.0004,0.0252,-0.0024,4.5355,0.0023,0.0461,-0.0049
2025-09-18,3.597,4.2531,4.5614,3.6377,0.0059,0.0789,-0.0071,4.2526,0.0012,0.0251,-0.0024,4.5361,0.0019,0.0404,-0.0043
2025-09-19,3.6135,4.2584,4.5574,3.6368,0.0046,0.0788,-0.0071,4.2528,0.0012,0.0216,-0.0021,4.5374,-0.0009,0.0373,-0.0034
2025-09-22,3.6311,4.2635,4.5617,3.6364,0.0049,0.0802,-0.0071,4.2535,0.0012,0.0208,-0.0018,4.5391,0.0009,0.0367,-0.0034
2025-09-23,3.6054,4.2541,4.5493,3.6344,-0.0071,0.0807,-0.0076,4.2534,-0.0022,0.0199,-0.0022,4.5404,-0.0027,0.0378,-0.0034
2025-09-24,3.6036,4.257,4.5526,3.6332,-0.0005,0.079,-0.0076,4.2536,0.0007,0.0198,-0.0022,4.5416,0.0007,0.0377,-0.0034
2025-09-25,3.63,4.2632,4.5711,3.6332,0.0073,0.0815,-0.0076,4.254,0.0014,0.0202,-0.0022,4.5437,0.0041,0.0389,-0.0034
2025-09-26,3.6607,4.269,4.5747,3.6334,0.0084,0.0828,-0.0076,4.2544,0.0014,0.0201,-0.0022,4.5453,0.0008,0.0378,-0.0034
2025-09-29,3.6431,4.2644,4.5693,3.6337,-0.0048,0.0824,-0.0076,4.2547,-0.0011,0.0202,-0.0022,4.5474,-0.0012,0.0352,-0.0028
2025-09-30,3.6354,4.2648,4.5615,3.6336,-0.0021,0.0825,-0.0076,4.2554,0.0001,0.0191,-0.0019,4.5493,-0.0017,0.0357,-0.0028
2025-10-01,3.6331,4.2636,4.5616,3.6333,-0.0006,0.0825,-0.0076,4.2562,-0.0003,0.0186,-0.0019,4.551,0.0,0.0357,-0.0028
2025-10-02,3.6289,4.2582,4.5561,3.6328,-0.0012,0.0825,-0.0076,4.2566,-0.0013,0.0186,-0.0019,4.5518,-0.0012,0.0335,-0.0028
2025-10-03,3.6304,4.2572,4.5533,3.6318,0.0004,0.0813,-0.0076,4.2568,-0.0002,0.0181,-0.0019,4.5526,-0.0006,0.0335,-0.0028
2025-10-06,3.6313,4.2516,4.5532,3.6318,0.0003,0.078,-0.0066,4.2568,-0.0013,0.0185,-0.0019,4.5536,-0.0,0.0335,-0.0028
2025-10-07,3.6279,4.2482,4.5654,3.6306,-0.0009,0.0731,-0.0066,4.2565,-0.0008,0.0185,-0.0019,4.5542,0.0027,0.0317,-0.0028
2025-10-08,3.6478,4.2511,4.5672,3.6303,0.0055,0.0748,-0.0066,4.2563,0.0007,0.0186,-0.0019,4.5548,0.0004,0.0316,-0.0028
2025-10-09,3.6573,4.2533,4.5627,3.6301,0.0026,0.0751,-0.0066,4.2559,0.0005,0.0177,-0.0019,4.5546,-0.001,0.0296,-0.0028
2025-10-10,3.6802,4.2566,4.5645,3.6312,0.0062,0.0763,-0.0066,4.2558,0.0008,0.0177,-0.0019,4.5551,0.0004,0.0272,-0.0024
2025-10-13,3.6742,4.2626,4.5788,3.6322,-0.0016,0.0764,-0.0066,4.2559,0.0014,0.0181,-0.0019,4.556,0.0031,0.0286,-0.0024
2025-10-14,3.6826,4.2582,4.5771,3.6338,0.0023,0.0763,-0.0066,4.2558,-0.001,0.0184,-0.0019,4.5571,-0.0004,0.0282,-0.0024
2025-10-15,3.6717,4.2592,4.5802,3.634,-0.003,0.0738,-0.0066,4.2557,0.0002,0.0184,-0.0019,4.5582,0.0007,0.0281,-0.0024
2025-10-16,3.6508,4.2516,4.5826,3.6342,-0.0057,0.0743,-0.0066,4.2558,-0.0018,0.0175,-0.0016,4.5597,0.0005,0.0266,-0.002
2025-10-17,3.6287,4.2452,4.582,3.6336,-0.0061,0.0764,-0.0066,4.2556,-0.0015,0.0181,-0.0017,4.5615,-0.0001,0.0258,-0.0019
2025-10-20,3.6401,4.2433,4.5863,3.634,0.0031,0.0759,-0.0066,4.2554,-0.0004,0.018,-0.0017,4.563,0.0009,0.0248,-0.0019
2025-10-21,3.6353,4.2329,4.5874,3.6349,-0.0013,0.0738,-0.0066,4.2549,-0.0025,0.0192,-0.002,4.5642,0.0002,0.024,-0.0019
2025-10-22,3.6525,4.2369,4.5839,3.6356,0.0047,0.0726,-0.0066,4.2545,0.0009,0.0193,-0.002,4.5653,-0.0008,0.0241,-0.0019
2025-10-23,3.643,4.229,4.5793,3.6358,-0.0026,0.0729,-0.0066,4.2535,-0.0019,0.019,-0.002,4.566,-0.001,0.0243,-0.0019
2025-10-24,3.6402,4.2287,4.5776,3.6363,-0.0008,0.0722,-0.0066,4.2527,-0.0001,0.0188,-0.002,4.5668,-0.0004,0.0241,-0.0019
2025-10-27,3.6448,4.2394,4.5781,3.6369,0.0013,0.0722,-0.0066,4.2523,0.0025,0.0203,-0.002,4.5677,0.0001,0.024,-0.0019
2025-10-28,3.6326,4.2324,4.571,3.6376,-0.0034,0.0716,-0.0066,4.2518,-0.0017,0.0205,-0.002,4.5687,-0.0015,0.0237,-0.0016
2025-10-29,3.628,4.2292,4.5758,3.6394,-0.0013,0.0656,-0.0059,4.2512,-0.0008,0.0205,-0.002,4.5694,0.001,0.023,-0.0016
2025-10-30,3.6522,4.2373,4.5666,3.6412,0.0067,0.0662,-0.0059,4.2507,0.0019,0.021,-0.002,4.5696,-0.002,0.0232,-0.0019
2025-10-31,3.6644,4.2403,4.571,3.6429,0.0033,0.0656,-0.0059,4.2501,0.0007,0.0208,-0.002,4.5701,0.001,0.0232,-0.0019
2025-11-03,3.6898,4.2534,4.5815,3.6449,0.0069,0.0671,-0.0059,4.2497,0.0031,0.0225,-0.002,4.5707,0.0023,0.024,-0.0019
2025-11-04,3.6926,4.2531,4.5673,3.6478,0.0008,0.063,-0.0053,4.2497,-0.0001,0.0215,-0.0018,4.5713,-0.0031,0.0244,-0.0019
2025-11-05,3.7078,4.2586,4.5754,3.6512,0.0041,0.0636,-0.0053,4.2497,0.0013,0.0218,-0.0018,4.5721,0.0018,0.0248,-0.0019
2025-11-06,3.6991,4.2527,4.5681,3.6535,-0.0023,0.0613,-0.0053,4.2494,-0.0014,0.0217,-0.0018,4.572,-0.0016,0.0224,-0.0019
2025-11-07,3.6787,4.2485,4.5627,3.6541,-0.0055,0.0593,-0.0056,4.2487,-0.001,0.0214,-0.0018,4.5716,-0.0012,0.0225,-0.0019
2025-11-10,3.6708,4.2378,4.549,3.6551,-0.0021,0.0578,-0.0056,4.2478,-0.0025,0.0223,-0.0022,4.5709,-0.003,0.0238,-0.0026
2025-11-11,3.6626,4.2328,4.5475,3.656,-0.0022,0.0579,-0.0056,4.2468,-0.0012,0.0225,-0.0022,4.5704,-0.0003,0.0234,-0.0026
2025-11-12,3.6478,4.2267,4.5572,3.6565,-0.004,0.0591,-0.0056,4.2455,-0.0015,0.0228,-0.0022,4.5703,0.0021,0.0243,-0.0026
2025-11-13,3.6507,4.2318,4.5755,3.6572,0.0008,0.059,-0.0056,4.2446,0.0012,0.023,-0.0022,4.5709,0.004,0.0266,-0.0026
2025-11-14,3.6361,4.2266,4.5833,3.6574,-0.004,0.0603,-0.0056,4.2436,-0.0012,0.0231,-0.0022,4.5719,0.0017,0.0269,-0.0026
2025-11-17,3.6367,4.2228,4.5754,3.6576,0.0002,0.0603,-0.0056,4.2427,-0.0009,0.023,-0.0022,4.5727,-0.0017,0.0275,-0.0026
2025-11-18,3.6523,4.233,4.5864,3.6584,0.0043,0.0614,-0.0056,4.2422,0.0024,0.0242,-0.0022,4.5734,0.0024,0.0273,-0.0026
2025-11-19,3.6588,4.237,4.5713,3.6587,0.0018,0.0596,-0.0056,4.2417,0.0009,0.0243,-0.0022,4.5735,-0.0033,0.029,-0.0031
2025-11-20,3.6612,4.2252,4.5471,3.6589,0.0007,0.0592,-0.0056,4.2408,-0.0028,0.0254,-0.0025,4.573,-0.0053,0.0328,-0.0032
2025-11-21,3.6696,4.2323,4.555,3.6585,0.0023,0.0566,-0.0056,4.2399,0.0017,0.0258,-0.0025,4.5727,0.0017,0.0332,-0.0032
2025-11-24,3.6816,4.2364,4.552,3.6588,0.0033,0.0572,-0.0056,4.2391,0.001,0.0256,-0.0025,4.5718,-0.0007,0.0318,-0.0032
2025-11-25,3.6748,4.2331,4.5441,3.6585,-0.0019,0.0571,-0.0056,4.2382,-0.0008,0.0256,-0.0025,4.5707,-0.0017,0.0321,-0.0032
2025-11-26,3.6477,4.2207,4.5166,3.6577,-0.0074,0.0604,-0.0059,4.237,-0.0029,0.0267,-0.0027,4.5686,-0.0061,0.0362,-0.0044
2025-11-27,3.6451,4.2315,4.5388,3.6575,-0.0007,0.0581,-0.0058,4.2363,0.0025,0.0276,-0.0027,4.5671,0.0049,0.0393,-0.0044
2025-11-28,3.642,4.2242,4.528,3.658,-0.0009,0.0553,-0.0049,4.2356,-0.0017,0.0277,-0.0027,4.5653,-0.0024,0.0397,-0.0044
2025-12-01,3.649,4.2332,4.5417,3.6583,0.0019,0.0549,-0.0049,4.2353,0.0021,0.0284,-0.0027,4.5638,0.003,0.0408,-0.0044
2025-12-02,3.6418,4.227,4.5247,3.6585,-0.002,0.055,-0.0049,4.2351,-0.0015,0.0278,-0.0027,4.5617,-0.0037,0.0419,-0.0046
2025-12-03,3.6368,4.2316,4.5327,3.658,-0.0014,0.0534,-0.0049,4.2349,0.0011,0.0279,-0.0027,4.56,0.0018,0.0424,-0.0046
2025-12-04,3.6203,4.2238,4.5262,3.6572,-0.0046,0.0544,-0.0051,4.2347,-0.0018,0.0279,-0.0027,4.5583,-0.0014,0.0424,-0.0046
2025-12-05,3.6347,4.229,4.5219,3.657,0.004,0.0557,-0.0051,4.2347,0.0012,0.0281,-0.0027,4.5564,-0.001,0.0425,-0.0046
2025-12-08,3.6327,4.2282,4.5129,3.6566,-0.0006,0.0556,-0.0051,4.2343,-0.0002,0.0271,-0.0027,4.5542,-0.002,0.0427,-0.0046
2025-12-09,3.6391,4.2331,4.511,3.6568,0.0018,0.055,-0.0051,4.2344,0.0012,0.0269,-0.0027,4.5522,-0.0004,0.0426,-0.0046
2025-12-10,3.6342,4.2257,4.5086,3.657,-0.0014,0.055,-0.0051,4.2342,-0.0017,0.0273,-0.0027,4.55,-0.0005,0.0423,-0.0046
2025-12-11,3.6093,4.2226,4.515,3.6556,-0.0069,0.0549,-0.0063,4.2338,-0.0007,0.0267,-0.0027,4.5483,0.0014,0.0424,-0.0046
2025-12-12,3.5977,4.2235,4.5261,3.6534,-0.0032,0.0543,-0.0063,4.2332,0.0002,0.0266,-0.0027,4.5468,0.0024,0.0431,-0.0046
2025-12-15,3.5967,4.2213,4.5169,3.6503,-0.0003,0.0495,-0.0063,4.2321,-0.0005,0.0249,-0.0027,4.5446,-0.002,0.0426,-0.0046
2025-12-16,3.5871,4.2163,4.5057,3.6468,-0.0027,0.0495,-0.0063,4.2309,-0.0012,0.025,-0.0027,4.5426,-0.0025,0.0423,-0.0046
2025-12-17,3.5841,4.2113,4.5068,3.6426,-0.0008,0.0471,-0.0063,4.2293,-0.0012,0.0247,-0.0027,4.5403,0.0002,0.0418,-0.0046
2025-12-18,3.5868,4.2114,4.5099,3.6389,0.0008,0.0473,-0.0063,4.2279,0.0,0.0245,-0.0027,4.5383,0.0007,0.0418,-0.0046
2025-12-19,3.5829,4.1988,4.5119,3.6357,-0.0011,0.0453,-0.0058,4.2263,-0.003,0.0256,-0.0029,4.5366,0.0004,0.0418,-0.0046
2025-12-22,3.5891,4.2032,4.5106,3.633,0.0017,0.0457,-0.0058,4.2251,0.001,0.0251,-0.0029,4.5354,-0.0003,0.0411,-0.0046
2025-12-23,3.5817,4.2144,4.5255,3.6303,-0.0021,0.0457,-0.0058,4.2245,0.0027,0.0264,-0.0029,4.5346,0.0033,0.0424,-0.0046
2025-12-24,3.5773,4.22,4.5423,3.6279,-0.0012,0.0446,-0.0058,4.2243,0.0013,0.0264,-0.0029,4.5341,0.0037,0.0434,-0.0046
2025-12-26,3.5756,4.2131,4.536,3.6254,-0.0005,0.0444,-0.0058,4.2237,-0.0017,0.0265,-0.0029,4.5328,-0.0014,0.0417,-0.0046
2025-12-29,3.5787,4.2121,4.5333,3.6235,0.0009,0.0435,-0.0058,4.2232,-0.0002,0.0263,-0.0029,4.5311,-0.0006,0.0413,-0.0046
2025-12-30,3.5888,4.2227,4.55,3.6219,0.0028,0.0445,-0.0058,4.2232,0.0025,0.0273,-0.0029,4.5303,0.0037,0.0427,-0.0046
2025-12-31,3.5918,4.2189,4.5388,3.6199,0.0008,0.0424,-0.0058,4.2227,-0.0009,0.0264,-0.0029,4.5287,-0.0025,0.0425,-0.0046
2026-01-02,3.5847,4.2118,4.5277,3.6174,-0.002,0.042,-0.0058,4.2219,-0.0017,0.0266,-0.0029,4.5273,-0.0025,0.042,-0.0046
2026-01-05,3.5951,4.2076,4.5306,3.6152,0.0029,0.0431,-0.0058,4.2213,-0.001,0.0256,-0.0024,4.5267,0.0006,0.0393,-0.0032
2026-01-06,3.5942,4.2104,4.5366,3.6127,-0.0002,0.0423,-0.0058,4.2206,0.0007,0.0251,-0.0024,4.5261,0.0013,0.0392,-0.0032
2026-01-07,3.5983,4.2074,4.5236,3.6099,0.0011,0.041,-0.0058,4.2196,-0.0007,0.0249,-0.0024,4.5251,-0.0029,0.04,-0.0033
2026-01-08,3.6038,4.2081,4.5165,3.6076,0.0015,0.0414,-0.0058,4.2188,0.0002,0.0249,-0.0024,4.5242,-0.0016,0.0399,-0.0033
2026-01-09,3.6121,4.211,4.5202,3.6064,0.0023,0.0369,-0.004,4.2184,0.0007,0.0236,-0.0018,4.5243,0.0008,0.0359,-0.0027
2026-01-12,3.622,4.2104,4.5185,3.6056,0.0028,0.0379,-0.004,4.2177,-0.0001,0.0223,-0.0018,4.5237,-0.0004,0.0328,-0.0027
2026-01-13,3.6082,4.2071,4.5246,3.6045,-0.0038,0.0393,-0.0042,4.2172,-0.0008,0.0219,-0.0018,4.5236,0.0013,0.0324,-0.0027
2026-01-14,3.6173,4.2113,4.5149,3.6034,0.0025,0.0397,-0.0042,4.2164,0.001,0.0211,-0.0018,4.5227,-0.0022,0.0317,-0.0027
2026-01-15,3.6149,4.2097,4.5195,3.6025,-0.0007,0.0394,-0.0042,4.2159,-0.0004,0.0207,-0.0018,4.5225,0.001,0.03,-0.0025
2026-01-16,3.6261,4.2093,4.5124,3.6022,0.0031,0.0404,-0.0042,4.2151,-0.0001,0.0204,-0.0018,4.5218,-0.0016,0.0298,-0.0025
2026-01-19,3.6311,4.2213,4.5459,3.6025,0.0014,0.0383,-0.0036,4.215,0.0028,0.0216,-0.0017,4.5225,0.0074,0.0367,-0.0025
2026-01-20,3.6259,4.2223,4.5463,3.6022,-0.0014,0.0367,-0.0036,4.2148,0.0002,0.0213,-0.0017,4.5233,0.0001,0.0365,-0.0025
2026-01-21,3.6008,4.223,4.5591,3.6012,-0.0069,0.0417,-0.0055,4.2146,0.0002,0.0213,-0.0017,4.5248,0.0028,0.0367,-0.0025
2026-01-22,3.6068,4.2098,4.5283,3.6001,0.0017,0.0417,-0.0055,4.2139,-0.0031,0.0227,-0.0024,4.5254,-0.0068,0.0421,-0.0027
2026-01-23,3.5703,4.1968,4.5246,3.598,-0.0102,0.0505,-0.0069,4.2129,-0.0031,0.0239,-0.003,4.5259,-0.0008,0.0421,-0.0027
2026-01-26,3.5477,4.2063,4.5587,3.5959,-0.0064,0.05,-0.0067,4.2124,0.0023,0.0249,-0.003,4.5274,0.0075,0.0471,-0.0027
2026-01-27,3.5403,4.2044,4.5544,3.594,-0.0021,0.0496,-0.0067,4.2117,-0.0005,0.0249,-0.003,4.5283,-0.0009,0.0468,-0.0027
2026-01-28,3.4925,4.197,4.5758,3.5905,-0.0136,0.0623,-0.0087,4.2109,-0.0018,0.0253,-0.003,4.5303,0.0047,0.0481,-0.0027
2026-01-29,3.5095,4.2034,4.5834,3.588,0.0049,0.0643,-0.0087,4.2105,0.0015,0.0256,-0.003,4.5329,0.0017,0.0474,-0.0027
2026-01-30,3.5138,4.2041,4.5956,3.5856,0.0012,0.0646,-0.0087,4.2102,0.0002,0.0254,-0.003,4.5359,0.0027,0.0478,-0.0027
2026-02-02,3.5548,4.2117,4.594,3.5845,0.0116,0.0737,-0.0087,4.2102,0.0018,0.0259,-0.003,4.5387,-0.0003,0.0478,-0.0027
2026-02-03,3.5768,4.22,4.5908,3.5843,0.0062,0.0759,-0.0087,4.211,0.002,0.0249,-0.0025,4.5413,-0.0007,0.048,-0.0027
2026-02-04,3.5714,4.2196,4.6062,3.5837,-0.0015,0.0759,-0.0087,4.2115,-0.0001,0.0248,-0.0025,4.5445,0.0033,0.0486,-0.0027
2026-02-05,3.5706,4.2133,4.5954,3.5834,-0.0002,0.0756,-0.0087,4.2115,-0.0015,0.024,-0.0025,4.5468,-0.0023,0.0487,-0.0027
2026-02-06,3.5847,4.2216,4.6084,3.5836,0.004,0.0765,-0.0087,4.2115,0.002,0.0244,-0.0025,4.549,0.0028,0.0483,-0.0027
2026-02-09,3.5645,4.2153,4.5933,3.5833,-0.0057,0.0782,-0.0087,4.2116,-0.0015,0.0243,-0.0025,4.5509,-0.0033,0.0492,-0.0031
2026-02-10,3.5332,4.2055,4.6046,3.5817,-0.0088,0.0821,-0.0096,4.2114,-0.0023,0.0252,-0.0027,4.5533,0.0025,0.0495,-0.0031
2026-02-11,3.5462,4.2182,4.6147,3.5803,0.0037,0.0825,-0.0096,4.2112,0.003,0.0257,-0.0027,4.5554,0.0022,0.0488,-0.0031
2026-02-12,3.548,4.2115,4.5997,3.5789,0.0005,0.0824,-0.0096,4.211,-0.0016,0.026,-0.0027,4.5575,-0.0033,0.0493,-0.0033
2026-02-13,3.5493,4.2097,4.6127,3.5777,0.0004,0.0823,-0.0096,4.2109,-0.0004,0.0256,-0.0027,4.5603,0.0028,0.0489,-0.0033
2026-02-16,3.5464,4.2084,4.6134,3.5761,-0.0008,0.0818,-0.0096,4.2109,-0.0003,0.0254,-0.0027,4.5631,0.0002,0.049,-0.0033
2026-02-17,3.5548,4.2131,4.6175,3.5747,0.0024,0.0822,-0.0096,4.211,0.0011,0.0255,-0.0027,4.5658,0.0009,0.0489,-0.0033
2026-02-18,3.5559,4.2167,4.6185,3.5733,0.0003,0.0821,-0.0096,4.2113,0.0008,0.0256,-0.0027,4.5689,0.0002,0.0478,-0.0033
2026-02-19,3.575,4.2139,4.6273,3.5724,0.0054,0.0836,-0.0096,4.2115,-0.0007,0.0256,-0.0027,4.5726,0.0019,0.0475,-0.0033
2026-02-20,3.5871,4.2217,4.6257,3.5715,0.0034,0.0839,-0.0096,4.2119,0.0018,0.0261,-0.0027,4.5761,-0.0004,0.0476,-0.0033
2026-02-23,3.5649,4.2199,4.6183,3.5696,-0.0062,0.0852,-0.0096,4.2122,-0.0004,0.0261,-0.0027,4.5795,-0.0016,0.048,-0.0033
2026-02-24,3.5748,4.2189,4.6198,3.5685,0.0028,0.0851,-0.0096,4.2126,-0.0003,0.026,-0.0027,4.5826,0.0003,0.048,-0.0033
2026-02-25,3.579,4.2139,4.625,3.5672,0.0012,0.0848,-0.0096,4.2127,-0.0012,0.0261,-0.0027,4.5863,0.0011,0.0472,-0.0033
2026-02-26,3.5654,4.2122,4.6198,3.5656,-0.0038,0.0854,-0.0096,4.2128,-0.0004,0.0261,-0.0027,4.5897,-0.0011,0.0475,-0.0033
2026-02-27,3.5772,4.2219,4.6258,3.564,0.0033,0.0855,-0.0096,4.2132,0.0023,0.0269,-0.0027,4.5934,0.0013,0.047,-0.0033
2026-03-02,3.5919,4.2235,4.6664,3.5627,0.0041,0.0863,-0.0096,4.2133,0.0004,0.0257,-0.0027,4.5975,0.0087,0.0488,-0.0033
2026-03-03,3.6207,4.2322,4.6493,3.5625,0.008,0.0896,-0.0096,4.2136,0.002,0.0263,-0.0027,4.6009,-0.0037,0.0505,-0.0035
2026-03-04,3.6919,4.2885,4.7228,3.5655,0.0195,0.1035,-0.0096,4.2158,0.0132,0.0463,-0.0027,4.6063,0.0157,0.0664,-0.0035
2026-03-05,3.6643,4.2635,4.703,3.5674,-0.0075,0.1063,-0.0096,4.2176,-0.0058,0.0487,-0.0027,4.6122,-0.0042,0.0641,-0.0035
2026-03-06,3.6824,4.2727,4.714,3.5712,0.0049,0.102,-0.0082,4.2201,0.0022,0.0478,-0.0021,4.6185,0.0023,0.0639,-0.0035
2026-03-09,3.7284,4.2955,4.7712,3.5772,0.0124,0.1047,-0.0082,4.2231,0.0053,0.0495,-0.0021,4.6256,0.0121,0.0689,-0.0035
2026-03-10,3.653,4.2437,4.6972,3.581,-0.0204,0.1224,-0.0114,4.2244,-0.0121,0.0619,-0.0043,4.6303,-0.0156,0.0847,-0.004
2026-03-11,3.6723,4.2635,4.7156,3.5869,0.0053,0.1147,-0.0082,4.2266,0.0047,0.0629,-0.0043,4.635,0.0039,0.0845,-0.004
2026-03-12,3.6759,4.2428,4.7029,3.5925,0.001,0.1144,-0.0082,4.2279,-0.0049,0.0647,-0.0054,4.639,-0.0027,0.0851,-0.004
2026-03-13,3.7027,4.266,4.7119,3.5988,0.0073,0.1155,-0.0082,4.23,0.0054,0.0664,-0.0054,4.6428,0.0019,0.085,-0.004
2026-03-16,3.7315,4.2681,4.7228,3.6047,0.0077,0.1132,-0.0082,4.2318,0.0005,0.0662,-0.0054,4.6471,0.0023,0.085,-0.004
2026-03-17,3.7045,4.2603,4.7007,3.6089,-0.0073,0.1152,-0.0082,4.2332,-0.0018,0.0664,-0.0054,4.6508,-0.0047,0.0865,-0.0045
2026-03-18,3.6898,4.2578,4.6992,3.6129,-0.004,0.1159,-0.0082,4.2345,-0.0006,0.0664,-0.0054,4.6539,-0.0003,0.0862,-0.0045
2026-03-19,3.7268,4.2739,4.7042,3.6181,0.01,0.1186,-0.0082,4.2365,0.0038,0.0669,-0.0054,4.6575,0.0011,0.0857,-0.0045
2026-03-20,3.6815,4.2613,4.6656,3.6213,-0.0122,0.1248,-0.0107,4.2378,-0.003,0.0675,-0.0054,4.6594,-0.0082,0.0893,-0.0066
2026-03-23,3.6911,4.2706,4.6885,3.6255,0.0026,0.1233,-0.0107,4.2396,0.0022,0.0675,-0.0054,4.6626,0.0049,0.0896,-0.0066
2026-03-24,3.6633,4.2567,4.6612,3.6299,-0.0076,0.1225,-0.0101,4.2414,-0.0033,0.0679,-0.0054,4.6645,-0.0058,0.0913,-0.0072
2026-03-25,3.6762,4.2663,4.6586,3.6342,0.0035,0.1224,-0.0101,4.243,0.0023,0.0677,-0.0054,4.6659,-0.0006,0.0912,-0.0072
